model,mae,rmse,r2,n_obs_test
rf,0.0010253352061766912,0.004690428758129943,0.02281319312123209,85208
ridge,0.001029029396274219,0.004744677996111874,7.829734708031388e-05,85208
