task,model,roc_auc,f1,accuracy,n_obs_test,mae,rmse,r2
classification,logreg,0.5080025601552565,0.2887873084162409,0.5060056729972335,85669,,,
classification,rf,0.5259858892262694,0.4159748392032414,0.5187990988572295,85669,,,
classification,tree,0.5068151344725211,0.4365390493149593,0.5050601734583104,85669,,,
regression,rf,,,,85208,0.0010253352061766,0.0046904287581299,0.022813193121232
regression,ridge,,,,85208,0.0010290293962742,0.0047446779961118,7.829734708031388e-05
