{
  "median": {
    "ret_lag1": 0.0,
    "ret_lag2": 0.0,
    "ret_lag3": 0.0,
    "ret_lag4": 0.0,
    "ret_lag5": 0.0,
    "roll_vol20": 0.0012987595402925314,
    "range_pct": 0.0007052709725315432,
    "roll_range20": 0.0008156765006092533,
    "vol_surp": -4.7873652256013846e-06,
    "vwap_close": 0.0,
    "minute_sin": -0.19509032201612792,
    "minute_cos": -0.90630778703665,
    "mkt_ret_lag1": 0.0,
    "ret": 0.0
  },
  "clip": {
    "ret": {
      "median": 0.0,
      "mad": 0.0007520008948684875,
      "k": 8.0
    },
    "ret_lag1": {
      "median": 0.0,
      "mad": 0.0007519111428235803,
      "k": 8.0
    },
    "ret_lag2": {
      "median": 0.0,
      "mad": 0.0007517384304396302,
      "k": 8.0
    },
    "ret_lag3": {
      "median": 0.0,
      "mad": 0.0007516406355438932,
      "k": 8.0
    },
    "ret_lag4": {
      "median": 0.0,
      "mad": 0.0007515030413802748,
      "k": 8.0
    },
    "ret_lag5": {
      "median": 0.0,
      "mad": 0.0007515030413802748,
      "k": 8.0
    },
    "vol_surp": {
      "median": -4.7873652256013846e-06,
      "mad": 0.0010268289796492285,
      "k": 6.0
    },
    "range_pct": {
      "median": 0.0007052709725315432,
      "mad": 0.0005801040833459576,
      "k": 6.0
    },
    "roll_range20": {
      "median": 0.0008156765006092533,
      "mad": 0.0003908644827548964,
      "k": 6.0
    },
    "roll_vol20": {
      "median": 0.0012987595402925314,
      "mad": 0.0004508269712282428,
      "k": 6.0
    },
    "vwap_close": {
      "median": 0.0,
      "mad": 0.020000000000010232,
      "k": 6.0
    },
    "mkt_ret_lag1": {
      "median": 0.0,
      "mad": 0.0002719978256946476,
      "k": 8.0
    }
  },
  "scale": {
    "ret_lag1": {
      "mean": 1.1783402304757598e-05,
      "std": 0.002471208586139749
    },
    "ret_lag2": {
      "mean": 1.1260388599893352e-05,
      "std": 0.002471252020835193
    },
    "ret_lag3": {
      "mean": 1.0889574749574985e-05,
      "std": 0.0024714083060712144
    },
    "ret_lag4": {
      "mean": 1.055305041692442e-05,
      "std": 0.002471583698671184
    },
    "ret_lag5": {
      "mean": 1.0521782761159416e-05,
      "std": 0.002471832263380216
    },
    "roll_vol20": {
      "mean": 0.0016674852421920297,
      "std": 0.0018254798799644159
    },
    "range_pct": {
      "mean": 0.0010699777189169448,
      "std": 0.0015178744223375187
    },
    "roll_range20": {
      "mean": 0.0010689945740670823,
      "std": 0.0009739705455476822
    },
    "vol_surp": {
      "mean": 0.0002916535900136701,
      "std": 0.005834882174098757
    },
    "vwap_close": {
      "mean": -0.00017649231856899965,
      "std": 0.24368485938568152
    },
    "minute_sin": {
      "mean": -0.16513442419539814,
      "std": 0.45676611178983556
    },
    "minute_cos": {
      "mean": -0.8637192677251891,
      "std": 0.13447813066187345
    },
    "mkt_ret_lag1": {
      "mean": 1.3026605403199697e-05,
      "std": 0.0006929753699259653
    },
    "ret": {
      "mean": 1.2053562622106393e-05,
      "std": 0.002471011368035908
    }
  },
  "ohe": {
    "dow": [
      0,
      1,
      2,
      3,
      4
    ]
  }
}