{
  "Ridge": {
    "mae": 0.013153006672595035,
    "rmse": 0.020288964830815652,
    "r2": 0.0004299623963852639
  },
  "ElasticNet": {
    "mae": 0.013161604411949905,
    "rmse": 0.020294150821415727,
    "r2": -8.109603993733394e-05
  },
  "Random Forest Regressor": {
    "mae": 0.013159910879280019,
    "rmse": 0.02036226561810774,
    "r2": -0.006805658188941299
  }
}